;meta[language=cleartext]
;  id     |key(hex)|key(str)|text
;
;  you translate only text ----^ (last column) 
;
;  translated into <Simplified Chinese> by <GeraltOfZhongduCounty>
;
2115940050|||Arha'an lumar!
2115940051|||Cais'te aet disgleir!
2115940052|||Gveryd me cassel!
2115940053|||Greame et dwyr!
2115940054|||Rhobeir'me gelle!
2115940055|||Greame et dwyr!
2115940056|||Ess pyr'shena a et cleytte!
2115940057|||Nevid! Ariva!
2115940058|||Agored, teirgan.
2115940059|||Vryff cais'te aem gyhar!
; do not translate spells and Hen Llinge text --^
;
2115940060|||我感觉到自己体内有一股巨大的力量......但我很迷茫，我不知道如何去使用，或许我需要一个老师，来教导我如何运用这股力量。
2115940061|||有意思，也许那个地方有什么魔力，我应该去看看。
2115940062|||千里镜水晶！这些踪迹清楚地指向它的源头 我会试着变出一个通往那里的传送门。
2115940063|||哇，这是什么地方？
2115940064|||这块石头散发出强大的魔力...
2115940065|||哦，不，不是那个！
2115940066|||*尖叫声*
2115940067|||天哪…
; *shriek*
; Кристалл мегаскопа. И магический след явно указывает на исходное местоположение. Попробую создать портал туда.
2115940068|||你救了我的命,你是谁？我在哪里？
; female comment
2115940069|||真希望我是个女术士...
; male comment
2115940081|||真希望我是个女术士...
; Who created you?
2115940070|||谁创造了你?
; Go to me!
2115940071|||到我这儿来!
; Calm down, girl
2115940072|||冷静点，女孩。
; Purifying the blood from poison
2115940073|||净化血液中的毒物!
2115940074|||嘿，你能听见我吗？
2115940075|||该死的魔鬼！(D'yaebl!) 她就要坚持不住了。
; I breathe life into you
2115940076|||我为你注入生命。
2115940077|||我发誓。
; swears
2115940078|||我也不知道该怎么做。
2115940079|||皮绷紧点。（Gar'ean.）
2115940080|||此为必然之事！(Ess'tuath esse!)
2115940850|||Cead, luned. Conas esseath aelaedde?
2115940851|||我很好，谢谢 你会说通用语吗？
2115940852|||抱歉(Squaess)… 抱歉，我已经习惯用上古语来自言自语了。
2115940853|||我在哪里？这艘船和冰冷的环境...
2115940854|||......漂浮在半空中，没错。我一直在探索一个强大的魔法交叉点的起源，它位于北海的冰层中。
2115940855|||那你找到了吗？
2115940856|||是的，当我试图操纵魔法流向气元素时，它撕裂了空间，把我带到了这里，还有你们现在看到的一切。
2115940857|||魔力之源似乎就是由这块石头产生的。有时，水流会变得湍急，引来生物。
2115940858|||看来我激起了一股浪潮......
2115940859|||哈哈哈，看来确实如此。每次我接触这块石头，都会发生类似的事情。这让我想起了阿尔祖尔的双十字魔法。
2115940860|||现在我想我明白了。嗯，大概，至少...
; greetings to apprentice
2115940861|||日安，我的小徒弟。
2115940862|||很高兴能够在这艘船上看到最厉害的女术士。
2115940863|||看到我的小徒弟，我的心都暖了。
; greetings common
2115940864|||你好啊。
2115940865|||欢迎回来，徒弟！
; exit
2115940867|||待会见。
2115940868|||再见。
2115940869|||再见了。
; teaching dialogs
2115940870|||我想成为您的学徒。
2115940871|||谈谈你自己吧。
2115940872|||真没想到......为什么？毫无疑问，你本可以在阿雷图扎学到更多的知识。
2115940873|||我被逐出了那个地方。
2115940874|||他们无情的要求让我无法忍受。
2115940875|||是因为你涉足了禁术吗？
2115940876|||是的，我召唤了一个恶魔。
2115940877|||是的，我敢于尝试死灵法术。
2115940878|||不，我意外地杀了一位老师。
2115940879|||不，我还是不说的好。
2115940880|||我几乎立刻失去了对它的控制，在校长制止恶魔之前，它就杀死了几个魔法学徒...
2115940881|||并且为了实现这个目标，我从导师的巨型望远镜中偷取了魔法水晶...
2115940882|||你现在是否对自己的所作所为感到后悔？
2115940883|||是的，我很后悔...
2115940884|||也不尽然。
2115940885|||对我来说，听到这些话至关重要
2115940886|||你们没有吸取这个教训，因此也不会吸取我的教训。
2115940887|||希望我不会成为下一个...
2115940888|||当然不是！
2115940889|||如你所愿！
2115940890|||我很理解你。
2115940891|||嗯......自从我上次带徒弟以来已经有一段时间了......
2115940892|||求你了！我......我不会让你失望的。
2115940893|||那么，首先你必须证明你已经准备好了。
2115940894|||我将向你提出几个问题。
2115940895|||什么是魔法？
2115940896|||是哪些法师创造了第一批猎魔人？
2115940897|||谁是人类第一位女术士和气魔法大师？
2115940898|||哪种魔法能让人感知个人当前的命运？
2115940899|||为什么禁止使用死灵法术？
2115940900|||猎魔人法印 "昆恩 "的力量来自哪种元素？
2115940901|||在所有魔法元素中，哪一种被认为是最危险的？
; master dialogs
2115940902|||你需要进一步的准备，现在你可以使用我船上的图书馆。
2115940903|||他们在阿雷图扎没教过你什么吗？我的问题你都答错了。
2115940904|||很好，你已经准备好了。你已经熟悉了基本咒语。
2115940905|||你可以学习新的高级法术，也可以改进已经掌握的法术。
2115940906|||记住，你必须多次成功施展每个新咒语，才能继续学习下一个咒语。
2115940907|||在继续之前，你还需要练习我们上次学习的咒语。
2115940908|||你的魔法水平还不足以深入研究新法术。
2115940909|||顺便说一句，你已经到了可以学习新法术的阶段。
2115940910|||你必须决定哪一个法术能激发你的兴趣。
2115940911|||我明白了。我将指导你施法的步骤，你的任务就是练习并掌握它。
2115940912|||明白了。现在我将解释如何执行这个咒语，你的责任就是通过练习来完成它。
2115940913|||我已经教过你所有的高级咒语。也就是说，我目前无法提供更多的知识。
2115940914|||叫我艾尼兰。我的父亲是一位经验丰富的水手，经常带着我一起出海探险。然而，有一天，一场狂风暴雨无情地击毁了我们的船。
2115940915|||在一片混乱的船只残骸和淹死的水手中，一道刺眼的闪光吞噬了我，我在凯德文森林的深处醒来。
2115940916|||那天我失去了父亲 但命运给了我机会，让我在受人尊敬的法师学院学习。然而，在我就读班阿德学院的最后一年，情况迫使我离开了学校。
2115940917|||从那时起，我就专注于研究魔法的异常现象和魔力之源。有意远离贵族家族的冲突和大众的无知。
2115940918|||我想学习新的咒语。
2115940919|||请您提醒我如何攻击...
2115940985|||关于我在实践中取得的成功...
; sorceress answers
; q0
2115940920|||魔法是6 种元素的魔力集合。
2115940921|||魔法是那些耀眼的闪光和火花。
2115940922|||魔法是控制混乱无序的艺术与科学。
2115940923|||魔法能够轻松实现愿望。
; q1A
2115940924|||杰弗里-蒙克（Geoffrey Monck）和白衣拉法尔（Raffard the White）。
2115940925|||阿祖尔（Alzur）和科西莫-马拉斯皮纳（Cosimo Malaspina）。
2115940926|||妮娜-费奥拉万蒂（Nina Fioravanti）和奥罗拉-汉森（Aurora Henson）
2115940927|||奥托兰（Ortolan）和索雷尔-德格伦德（Sorel Degerlund）。
; q1B
2115940928|||格兰维尔的艾格尼丝（Agnes of Glanville.）
2115940929|||克拉拉-拉丽莎-德温特（Klara Larissa de Winter）。
2115940930|||蒂萨亚-德弗里斯（Tissaia de Vries.）
2115940931|||拉拉-多伦-阿普-希阿达尔（Lara Dorren aep Shiadhal）。
; q2A
2115940975|||歌蒂亚。(Goetia.)
2115940976|||转化。(Transmutation.)
2115940977|||女同占卜。(Lesbomancy.)
2115940978|||水之占卜。(Hydromancy.)
; q2B
2115940932|||因为这需要非常多的能量。
2115940933|||因为对死亡的迷信与恐惧。
2115940934|||因为不管出于什么动机，它总是会带来完全负面的作用。
2115940935|||因为死灵法术可以从尸体上提取信息。
; q3A/B
2115940936|||气元素。
2115940937|||水元素。
2115940938|||火元素。
2115940939|||土元素。
; Golem creation
2115940940|||啊，你好，徒弟，能帮我个忙吗？
2115940941|||当然，怎么了？
2115940942|||抱歉，我现在没时间。
2115940943|||在你成为我的徒弟之前，我曾一度思考过孤独的阴险本质。因此，我的生活中多了一位猫科动物伙伴，我也曾多次萌生过制作一个忠诚的小妖精的想法。
2115940944|||然而，我的每一次尝试都没有取得令人满意的成果。现在，我有信心与你合作，一定能创造出一个惊世骇俗的生物。
2115940945|||有什么问题需要我们注意吗？
2115940946|||除非你认为浪费黑曜石之心或不守规矩、充满敌意的石头堆生物是重大风险，否则就不会。
2115940947|||当然，这一定会很有趣。
2115940948|||对不起，我不确定我能帮上什么忙。
2115940949|||那么，让我们开始吧。我将召唤生机勃勃的雷霆，在我召唤雷霆的同时，你也要为雷霆注入土和水的元素，保持魔力的平衡。
; Я призываю звёздные молнии жизни! (Ainyerahn)
2115940950|||Me galwad iersann sigellen aep vita!
2115940305|||Me galwad iersann sigellen aep vita!
2115940951|||你把事情搞得一团糟！土和水这两种元素本应等量混合，而不是像现在这样不均衡！
2115940952|||嘿......你叫什么名字？你的目标是什么？
2115940953|||我是塞勒斯汀.....我保护我的创造者，主人和女主人，听从他们的命令。
2115940954|||太棒了 我们成功了！水元素的魔力赋予了他非凡的思想，欢迎来到我的船上，塞勒斯汀！
2115940955|||谢谢您，大师。
; Dialogs with Celestine
2115940956|||荣幸之至，我的女主人。
2115940957|||早上好，天气不错。
2115940958|||你了解自己吗？
2115940959|||我曾经在大地、水中、空气中，无处不在。而现在我在这里。
2115940960|||你有什么愿望吗？
2115940961|||更冷静、更沉默、更坚定。
2115940962|||如果我失踪了，你会怎么办？
2115940963|||我会执行您的最后的命令，并且保护您的遗产。
2115940964|||8 加 4 等于多少？
2115940965|||额....十二。
2115940966|||你喜欢这个地方吗？
2115940967|||是的我喜欢，这里宁静、蔚蓝、美丽。
2115940968|||你有情绪波动吗？
2115940969|||我遵循法则。法则之外的任何东西都是烦恼，剩下的就是平静。
; Farewell
2115940970|||我将等待。
2115940971|||祝你好运。
; Auto-onelines
2115940972|||我坚如磐石。
2115940973|||我靓丽如晶。
2115940974|||我聪明如水。
; Attack-oneliners
2115940979|||入侵者！
2115940980|||红色警报！
2115940981|||进入战斗状态！
2115940982|||宁静被打破了！
2115940983|||入侵者已被消灭。
2115940984|||确保创造者的安全。
; 86 used
2115940987|||当然，没问题。
2115940988|||我准备好了。
; правый: вода (бирюзовый), земля (коричневый) 
; / левый: вода (бирюзовый), огонь (оранжевый), земля (коричневый), воздух (голубой)
; Я вдыхаю в тебя воду и землю! (Sorceress) -> Celestine
2115940989|||Me aedit'ef a'lagi shed a'ear as te!
2115940300|||Me aedit'ef a'lagi shed a'ear as te! [I breathe Water and Earth into you!]
; Я вдыхаю в тебя воду! (Sorceress) -> Лужица
2115940990|||Me aedit'ef a'lagi as te!
2115940301|||Me aedit'ef a'lagi as te! [I breathe Water into you!]
; Я вдыхаю в тебя огонь и землю! (Sorceress) -> Огненный голем
2115940991|||Me aedit'ef a'enye shed a'ear as te!
2115940302|||Me aedit'ef a'enye shed a'ear as te! [I breathe Fire and Earth into you!]
; Я вдыхаю в тебя землю! (Sorceress) -> Каменный голем
2115940992|||Me aedit'ef a'ear as te!
2115940303|||Me aedit'ef a'ear as te! [I breathe Earth into you!]
; Я вдыхаю в тебя воздух и землю! (Sorceress) -> Взрыв
2115940993|||Me aedit'ef a'eire shed a'ear as te!
2115940304|||Me aedit'ef a'eire shed a'ear as te! [I breathe Air and Earth into you!]
; 2115940305 used
2115940306|||有一个人在天上看到了你的飞船。
; Ох, должно быть это было после телепортации сюда. Я почти сразу накастовал заклинание невидимости.
2115940307|||啊，很可能是在我传送到这里之后。不过我立刻施展了隐身咒。
2115940308|||所以现在，即使是一大群女巫猎人也无法发现我的存在。但是，我想知道，你是怎么来到这里的？
2115940309|||地上的一块千里镜水晶碎片。我能够追踪到它的踪迹。
2115940310|||因为爆炸，没错。我的巨型千里镜碎裂了，我只能地将水晶抛向远方。
2115940311|||新年快乐，我的老师。
2115940312|||钟声敲响，人们欢唱，新年到了，新年快乐！
; Пусть в окошко постучится, В полночь добрый Новый год, Всем мечтам поможет сбыться, Счастье, радость принесёт!
; Призываю осколки огня с неба! (Ainyerahn)
2115940994|||Invocare aedden aep aenye al uide!
2115940995|||我们能再试着制作一个魔像吗？
2115940996|||当然，但这次我们要更注意细节。我相信你没有忘记，在上古语中，"ear "代表土，"lagi "代表水。
2115940997|||我需要一个传送门回到地表。
2115940313|||Eys'u failte.
2115940314|||Beydem.
2115940315|||Aen eich'te llyvaid.
;
2115940085|00000000||需求等级
2115940086|00000000||启用
2115940087|00000000||禁用
2115940088|00000000|nr_str_appearance_set|外观设置
2115940089|00000000||额外的自定义外观（MOD）
2115940090|00000000||DLC:主要角色
2115940091|00000000||DLC: 次要角色
2115940092|00000000||主要角色
2115940093|00000000||次要角色
2115940094|00000000||[打开前往艾尼兰大师住处的传送门]
2115940095|00000000||基础咒语
2115940096|00000000||雪球
2115940097|00000000||保存为套装#
2115940098|00000000|item_name_nr_chameleon_potion|变色龙药剂
2115940099|00000000|item_desc_nr_chameleon_potion|允许改变外观。如果是女术士，还可以自定义法术效果。<br>
2115940100|00000000||不要装备！在库存中点击“使用”按键
2115940101|00000000||女猎魔人
2115940102|00000000||着色
2115940103|00000000||[返回]
2115940104|00000000||[清除插槽]
2115940105|00000000||插槽
2115940106|00000000||身体
2115940107|00000000||头部
2115940108|00000000||头发/帽子
2115940109|00000000||躯干
2115940110|00000000||手臂
2115940111|00000000||手套
2115940112|00000000||裙子
2115940113|00000000||腿部
2115940114|00000000||鞋子
2115940115|00000000||杂项
2115940116|00000000||变体
2115940117|00000000||玩家角色类型
;
;
; Magic stuff : Slash
2115940118|00000000||轻击
2115940119|00000000||魔法闪电轻击/推击 攻击比例
2115940120|00000000||类型
2115940121|00000000||颜色
2115940122|00000000||闪电轻击
2115940123|00000000||改变声音
; Magic stuff : Colors
2115940124|00000000||黑色
2115940125|00000000||灰色
2115940126|00000000||白色
2115940127|00000000||黄色
2115940128|00000000||橙色
2115940129|00000000||红色
2115940130|00000000||粉红色
2115940131|00000000||紫罗兰色
2115940132|00000000||蓝色
2115940133|00000000||海绿色
2115940134|00000000||绿色
2115940135|00000000||特殊变体-1
2115940136|00000000||特殊变体-2
2115940137|00000000||特殊变体-3
2115940138|00000000||随机
; Throw
2115940140|00000000||闪电推击
2115940141|00000000||闪电
2115940142|00000000||闪电射弹
; HAND FX
2115940143|00000000||手部视觉效果
; TELEPORT
2115940144|00000000||传送
2115940145|00000000||快速旅行传送
; HEAVY
2115940146|00000000||重击
2115940147|00000000||岩石/爆炸攻击比
2115940148|00000000||岩石
2115940149|00000000||爆炸
2115940150|00000000||岩石攻击波
2115940160|00000000||撕裂
; PUSH
2115940151|00000000||魔法反击
; SPECIAL
2115940152|00000000||特殊咒语
2115940153|00000000||龙卷风咒语
2115940154|00000000||控制咒语
2115940155|00000000||流星咒语
2115940156|00000000||护罩咒语
2115940157|00000000||奴役咒语
2115940161|00000000||奴仆生成视觉效果
; SPECIAL 2
2115940158|00000000||其他特殊咒语
2115940159|00000000||你的咒语正在<font color='#FF0000'>反噬</font> 你: 
2115940162|00000000||阿祖尔的雷霆
2115940163|00000000||重力场
2115940164|00000000||梅尔加的火焰
2115940165|00000000||流明术
2115940166|00000000||变形术
2115940167|00000000||类型 #2
2115940168|00000000||水泡沫
;
2115940199|00000000||艾尼兰大师
; SKILLS, TUTORIALS
2115940200|00000000||<font color="#d92626">魔法初学者</font>
2115940201|00000000||<font color="#e68319">魔法学徒</font>
2115940202|00000000||<font color="#e6e219">魔法老手</font>
2115940203|00000000||<font color="#50e619">女术士</font>
2115940204|00000000||<font color="#8d19e6">大女术士</font>
2115940205|00000000||未解锁的技能
;
2115940206|00000000||欢迎来到 <font color="#00c785">自定义角色</font> (CPC) 模组！
2115940207|00000000||<br>重要的<font color="#66ccff">变色龙药剂</font> 药水已经被添加至你的库存。使用它并退出库存界面，即可启动玩家设置场景。<br><br><b>重要提示：</b> 在您决定使用药水之前，该模组对您的游戏没有任何影响。<br><br><i>祝你好运！</i><br>
2115940208|00000000||您已到达 <font color="#66ff99">新的魔法等级！</font>!
2115940198|00000000||你掌握了 <font color="#66ccff">新的魔法技能</font>！
2115940197|00000000||新魔法等级：
2115940196|00000000||新魔法技能 ：
2115940195|00000000||这是一个提醒。
2115940194|00000000||魔法技能进步。
2115940193|00000000||达到新的技能水平！
; Novice
2115940209|00000000||<font size="24">你有基本的魔法技能:<br><font color="#ffff66"><b>- {2115940118} ({2115940122}, {2115940140}: {2115940141}/{2115940142}, {2115940168})</b></font><br>  {1077642}/{1084067}/{1076397}/{1084082}:就像杰洛特一样执行动作.<br><br><font color="#ffff66"><b>- {2115940151}</b></font><br>  按下 "格挡" 按钮 (就像用剑一样)执行动作.<br><br><font color="#ffff66"><b>- {2115940589}</b></font><br>  {1077642}: 按移动键(控制方向，可选的)+“闪避”(远距离)/“闪避”(近距离)按钮执行.<br>  {1084067}: 按移动键(控制方向，可选)+“消耗品槽4”键执行.<br><br><font color="#ffff66"><b>- {2115940158}</b></font><br>  {2115940165}: 选择 <i>昆恩</i> (默认, 可以在角色设置场景中更改) 并且 <i>按住</i> "选择法印" 按钮去执行操作. 再次按住此按钮驱散.<br><br>你的 <i>魔法等级</i> 会同步提升当 <i>玩家</i> 等级提升.<br>此外，你使用这项技能越多，它的威力就会变得越强大，你可以解锁的技能能力也就越多.<br><i>跟随任务指引去寻找 <font color="#66ffcc">一位老师</font> 并且学习新的法术!</i><br></font>
; Apprentice
2115940210|00000000||你已经准备好学习新的魔术技能了:<br><font color="#ffff66"><b>- {2115940146} ({2115940150}, {2115940149}, {2115940160})</b></font><br><font color="#ffff66"><b>- {2115940152} ({2115940156}, {2115940599})</b></font><br><font color="#ffff66"><b>- {2115940145}</b></font><br><br><i>你必须去拜访艾尼兰大师来学习新法术。</i><br>
; Apprentice - heavy attacks learned
2115940211|00000000||<font color="#ffff66"><b>- {2115940146} ({2115940148}, {2115940149}, {2115940160})</b></font><br>  按“重攻击”按钮或“轻攻击+shift键”(就想用剑一样)来执行动作.<br>  {2115940148} and {2115940149} 以2:1的比例轮流(默认，可以在玩家设置场景中更改).<br>  {2115940160} 如果受害者生命值低于25%，则其受到的伤害将有25%的概率被抵消。这些数值会随着魔法等级的提高而提高。<br>  <font color="#ff6600">注意:</font>不能在boss上使用{2115940160}。<br>
; Apprentice - fast travel teleport learned
2115940212|00000000||<font color="#ffff66"><b>- {2115940145}</b></font><br>  打开世界地图，点击<i>任意</i>post图标来执行。<br>
; Apprentice - Shield learned
2115940216|00000000||<font color="#ffff66"><b>- {2115940156}</b></font><br>  选择<i>昆恩</i> (默认，可以在角色设置场景中进行更改) 并且 <i>按住</i> "使用法印" 按钮去执行操作.<br>
; Experienced
2115940213|00000000||你已经准备好学习新的魔术技能了:<br><font color="#ffff66"><b>- {2115940152} ({2115940153}, {2115940154})</b></font><br><font color="#ffff66"><b>- {2115940158} ({2115940163})</b></font><br><br><i>你必须去拜访艾尼兰大师来学习新法术。</i><br>
; Experienced - Tornado learned
2115940214|00000000||<font color="#ffff66"><b>- {2115940153}</b></font><br>  选择<i>阿尔德</i>(默认，可以在角色设置场景中进行更改) 并且 <i>按住</i> "使用法印" 按钮去执行操作.<br><br>  <font color="#ff6600">WARNING:</font> 这个咒语在失效后总会有很小的概率对你产生反作用。当你遇到这种情况时，你会感到不舒服（会有一个提示出现）。练习（多次施放）这个咒语可以降低这种概率。<br>
; Experienced - Control learned
2115940215|00000000||<font color="#ffff66"><b>- {2115940154}</b></font><br> 选择<i>亚克席</i>(默认，可以在角色设置场景中进行更改) , 锁定目标敌人 同时 <i>按下</i> "使用法印"按钮去执行操作.<br><br>  <font color="#ff6600">警告:</font> 这个咒语在失效后总会有很小的概率对你产生反作用。当你遇到这种情况时，你会感到不舒服（会有一个提示出现）。练习（多次施放）这个咒语可以降低这种概率。<br>
; Experienced - Gravitation Field learned
2115940221|00000000||<font color="#ffff66"><b>- {2115940163}</b></font><br> 选择 <i>亚克席</i>(默认，可以在角色设置场景中进行更改) 并且 <i>按住</i> "使用法印"按钮去执行操作.<br><br>  <font color="#ff6600">警告:</font> 这个咒语在失效后总会有很小的概率对你产生反作用。当你遇到这种情况时，你会感到不舒服（会有一个提示出现）。练习（多次施放）这个咒语可以降低这种概率。<br>
; Mistress
2115940217|00000000||你已经准备好学习新的魔术技能了:<br><font color="#ffff66"><b>- {2115940152} ({2115940155}, {2115940157})</b></font><br><font color="#ffff66"><b>- {2115940158} ({2115940162})</b></font><br><br><i>你必须去拜访艾尼兰大师来学习新法术。</i><br>
; Mistress - Meteor learned
2115940218|00000000||<font color="#ffff66"><b>- {2115940155}</b></font><br>  选择<i>伊格尼</i>(默认，可以在角色设置场景中进行更改) 并且 <i>按住</i> "使用法印"按钮去执行操作.<br><br>  <font color="#ff6600">警告:</font>这个咒语在失效后总会有很小的概率对你产生反作用。当你遇到这种情况时，你会感到不舒服（会有一个提示出现）。练习（多次施放）这个咒语可以降低这种概率。<br>
; Mistress - Servant learned
2115940219|00000000||<font color="#ffff66"><b>- {2115940157}</b></font><br> 选择<i>亚登</i> (默认，可以在角色设置场景中进行更改) 并且 <i>按住</i> "使用法印"按钮去执行操作.<br><br>  <font color="#ff6600">警告:</font>这个咒语在失效后总会有很小的概率对你产生反作用。当你遇到这种情况时，你会感到不舒服（会有一个提示出现）。练习（多次施放）这个咒语可以降低这种概率。<br>
; Mistress - Alzur's thunder learned
2115940220|00000000||<font color="#ffff66"><b>- {2115940162}</b></font><br> 选择<i>阿尔德</i> (默认，可以在角色设置场景中进行更改) 并且 <i>按住</i> "使用法印"按钮去执行操作.<br><br>  <font color="#ff6600">警告:</font>这个咒语在失效后总会有很小的概率对你产生反作用。当你遇到这种情况时，你会感到不舒服（会有一个提示出现）。练习（多次施放）这个咒语可以降低这种概率。<br>
; Grand Mistress
2115940222|00000000||你已经准备好学习新的魔术技能了:<br><font color="#ffff66"><b>- {2115940158} ({2115940164}, {2115940166})</b></font><br><br><i>你必须去拜访艾尼兰大师来学习新法术。</i><br>
; Grand Mistress - Melgar's fire learned
2115940223|00000000||<font color="#ffff66"><b>- {2115940164}</b></font><br> 选择 <i>伊格尼</i>(默认，可以在角色设置场景中进行更改) 并且 <i>按住</i> "使用法印"按钮去执行操作.<br><br>  <font color="#ff6600">警告:</font>这个咒语在失效后总会有很小的概率对你产生反作用。当你遇到这种情况时，你会感到不舒服（会有一个提示出现）。练习（多次施放）这个咒语可以降低这种概率。<br>
; Grand Mistress - Polymorphism learned
2115940224|00000000||<font color="#ffff66"><b>- {2115940166}</b></font><br>  选择 <i>亚登</i> (默认，可以在角色设置场景中进行更改) 并且 <i>按住</i> "使用法印"按钮去执行操作. 再一次按住按钮来取消法术。<br>  <b>注意:</b>更多的猫的外观变种，请安装 <font color="#8800AA">Immersive Wildlife Project (Dhu Cats)</font><br>  <i><font color="#E4FF00">nexusmods.com/witcher3/mods/3527</font></i>
2115940225|00000000||执行
2115940226|00000000||<i><i>自定义</i>[允许你改变视觉和其他方面，在技能等级1解锁]
2115940227|00000000||特殊技能[法术的额外效果，不产生额外消耗]
2115940228|00000000||<i>双重攻击</i>[额外的攻击增加50%伤害]
2115940229|00000000||<i>自瞄咒语</i>[魔法飞弹自动调整弹道]
2115940230|00000000||<i>闪电反弹</i>[附加50%伤害的闪电击中另一个敌人]
2115940231|00000000||<i>爆破咒语</i>[球形魔法波动从四面攻击敌人]
2115940232|00000000||<i><i>自动反击魔法</i>[当传送到一个新位置时，反击魔法有40%的几率触发，每个技能等级+1%的几率]
2115940233|00000000||<i>傀儡强化</i> [在控制期间使目标的等级提高3]
2115940234|00000000||<i>傀儡之主</i> [提升受控傀儡总数的最大值，它们可以同时存在]
2115940235|00000000||<i>仆从之主</i> [提升仆从总数的最大值，它们可以同时存在]
2115940236|00000000||<i>龙卷风之主</i> [提升可同时存在的龙卷风总数的最大值]
2115940237|00000000||<i>跟着我</i> [咒语/仆从总会跟随玩家]
2115940238|00000000||<i>仆人类型</i>[决定你可以召唤的仆从类型，解锁的类型可以在玩家设置场景中选择]
2115940239|00000000||<i>目标追踪</i>[始终追踪一个原始目标]
2115940240|00000000||<i>流星数量</i>[一次流星法术的数量]
2115940241|00000000||<i>伤害吸收</i>(100% =最大玩家HP)
2115940242|00000000||该技能未习得！
2115940243|00000000||<i>图例</i>: <font color="#FF0000">红色=锁定</font>， <font color="#00FF00">绿色=解锁(学习)/奖励</font>
2115940244|00000000||<i>伤害控制</i>[法术只对敌方实体造成伤害，但如果该法术反噬，玩家仍然会受到伤害]
2115940245|00000000||<i>燃烧</i>[使敌人燃烧5秒，初始有20%的几率，每级技能+1%的几率]
2115940246|00000000||<i>冻结</i>[冻结敌人5秒，初始有20%的几率，每级+1%的几率]
2115940247|00000000||<i>闪电/流星数量</i>[在一个时间间隔内闪电/流星的数量]
2115940248|00000000||<i>闪电/流星间隔</i>[闪电/流星产生的间隔时间]
2115940249|00000000||<i>双重仆从召唤</i>[召唤两个仆从，解锁类型可以独立分配给玩家设置场景中的第一个和第二个仆人]
2115940250|00000000||<i>真空咒语</i>[这个咒语抽取范围里面的敌人]
2115940251|00000000||<i>自动护盾</i>[当你施法时，护盾有一定几率出现]
2115940252|00000000||<i>自动应用</i>[当你进入战斗时，护盾自动出现，当你离开战斗时，它会消失]
2115940253|00000000||<font color="#d92626">新手法术</font>
2115940254|00000000||<font color="#e68319">学徒法术</font>
2115940255|00000000||<font color="#e6e219">老手法术</font>
2115940256|00000000||<font color="#50e619">女术士法术</font>
2115940257|00000000||<font color="#8d19e6">大女术士法术</font>
;
; PLAYER SETUP SCENE
;
2115940550|00000000||[退出]
2115940551|00000000||更改玩家角色类型
2115940552|00000000||更改玩家角色外观
2115940553|00000000||更改玩家显示名称
2115940554|00000000||更改女术士咒语效果
2115940555|00000000||显示帮助信息
2115940556|00000000||<b>- {2115940551}</b>: <font color="#FFFF00">原版类型 (杰洛特, 希里)</font> 就像没有安装CPC一样进行游戏。<br>  <font color="#00FF00">所有自定义玩家类型</font>让您自定义外观和显示名称。你的游戏进程和库存在任何玩家类型之间都是相同的。当你使用自定义玩家类型时你可以像原版杰洛特那样做任何事情(除了作为 <font color="#00FF00">女术士</font>时使用双剑).<br>  <font color="#00FF00">猎魔人</font> 允许你像原版杰洛特一样进行游戏<br>  <font color="#00FF00">女猎魔人</font> 允许你像原版杰洛特一样进行游戏, 但有独特的女性杰洛特动作以及AI配音的声音。<br>  <font color="#00FF00">女术士</font>允许你使用女性杰洛特动作和AI配音的声音以及全新的法术战斗系统。 选择女术士类型后跟随任务获得全部魔法力量<font color="#00FF00">女术士</font>.<br>  <i>注意:</i> <font color="#FF0000">不要卸载MOD</font>当你以自定义角色保存游戏后 ，因为一些与mod相关的数据被存储在存档里面。你总是可以使用 "变色龙药剂"并且返回到 <font color="#FFFF00">杰洛特（原版）</font>来使游戏就想没有安装CPC模组一样。<br>  <font color="#FF0000">警告</font>: 如果你改变玩家类型至 <font color="#FFFF00">希里（原版）</font>你就会不可以使用 "变色龙药剂" 来返回至玩家设置场景, 同时你的库存将被锁定。 返回的唯一方法是使用控制台命令“NRToGeralt”，然后像往常一样使用“变色龙药剂”。<br>
2115940557|00000000||<b>- {2115940565}</b>:你的预保存外观套装(你可以保存当前的设置，加载任何以前保存的设置)<br><br><b>- {2115940566}</b>: 预定义的外观集从游戏所有npc，在不同颜色的变体中获得。<br><br><b>- {2115940567}</b>: 所有Geralt盔甲套装的预定义套装以及所有颜色变体。在大多数情况下，最好不要改变角色的头部和头发。<br>对于<font color="#00FF00">女性玩家类型</font>是使用由Val aka Jo改编的装甲模型，所以确保你已经安装了她的mod:  <font color="#9900CC">Female Geralt armor models</font>.<br><br><b>- {2115940568}</b>: 手动更改角色外观槽位，用于高级自定义设置。其中一种使用方法是:清除所有插槽，然后选择头部，头发，身体/躯干，手臂，手套，腿部，鞋子，然后选择额外的物品。<br><br><b>- 将身体部位堆叠为物品设置切换</b>:用于高级设置，如果您想从同一插槽应用2个或更多外观(很少需要)。<br><br><b>-显示预览主体名称</b>:对于高级设置，显示当前预览模板的名称。<br>
2115940558|00000000||玩家显示名称
2115940559|00000000||杰洛特(原版)
2115940560|00000000||希里 (原版)
2115940561|00000000||猎魔人(自定义)
2115940562|00000000||女猎魔人 (自定义)
2115940563|00000000||女术士 (自定义)
2115940564|00000000||[清除所有槽位和物品]
2115940565|00000000||保存的外观套装
2115940566|00000000||角色外观设置
2115940567|00000000||杰洛特护甲设置
2115940568|00000000||更换槽位模板(部位自定义)
2115940569|00000000||将身体部位堆叠为物品:[禁用]
2115940570|00000000||将身体部位堆叠为物品:[启用]
2115940571|00000000||显示其它mod外观信息
2115940572|00000000||保存当前外观设置
2115940573|00000000||加载外观套装
2115940574|00000000||删除外观套装
2115940575|00000000||加载设置
2115940576|00000000||删除设置
2115940577|00000000||显示当前预览身体部位名称:[禁用]
2115940578|00000000||显示当前预览身体部位名称:[启用]
2115940579|00000000||[使用随机设置]
2115940580|00000000||使用女性声音:[自动(推荐)]
2115940581|00000000||使用女性声音:[总是]
2115940582|00000000||使用女性声音:[从不]
2115940583|00000000||模组作者: <font color="#004488">nikich340 (Nikita Grebenyuk)</font><br>  使用 <font color="#770044">U键(照片模式按钮)</font> => <font color="#070077">快速 "返回"</font><br> 使用<font color="#770044">W,S/箭头/鼠标滚轮</font> => <font color="#070077">滚动选择列表</font>
;
; In voice-mod strings
2115940585|00000000||加载设置#
2115940586|00000000||删除设置 #
2115940587|00000000||管理咒语声音的改变
2115940588|00000000||咒语声音的改变
2115940589|00000000||魔法传送
2115940590|00000000||<b>- {2115940552}</b>:允许您自定义您想要的外观。<br>仅适用于<font color="#00FF00">自定义玩家角色类型</font>。<br><br><b>- {2115940553}</b>:更改显示和命中日志消息的名称。<br>您只能从原始游戏名称(~950)中选择。<br>仅适用于<font color="#00FF00">自定义玩家角色类型</font>。<br><br><b>- {2115940554}</b>:允许您自定义您的法术外观(颜色，类型)和一些其他参数。<br>仅适用于<font color="#00FF00">女术士</font>。<br><br><b>-使用女性语音:</b> <i>自动(推荐)</i> -AI处理的Geralt语音听起来像女性，当你玩<font color="#FFFF00">希里（原版）</font>/<font color="#00FF00">女猎魔人/女术士</font>时使用。您可以从单独的mod页面下载并安装其它语音变体/语言:<br> <font color="#FFFF00">nexusmods.com/witcher3/mods/9147</font><br> <i>当前语音</i>: <font color="#00FF00">{2115940999}</font><br>
2115940592|00000000||能力管理
2115940593|00000000||显示咒语控制提示
2115940594|00000000||向上移动
2115940595|00000000||向下移动
2115940596|00000000||<i>自动照明</i> [照亮一定范围内的所有光源］
2115940597|00000000||猫头鹰
2115940598|00000000||外观
2115940599|00000000||天气变化
2115940549|00000000||<font color="#ffff66"><b>- {2115940599}</b></font><br>  选择 <i>阿尔德</i>(默认，可以在角色设置场景中进行更改) 并且 <i>按住</i> "使用法印"按钮去执行操作.<br>
2115940548|00000000||<font color="#ffff00"><b>变形术-警告:</b></font>由于以动物或鸟类的形式旅行会带来新的旅行机会(通常不是开发者提供的)，因此有可能跳过重要的任务触发区域，交互式门等，从而打破任务的逻辑。<br>小心使用此选项，并提前手动保存。如果遇到任务进程没有进一步发展的奇怪情况，可以尝试在不使用变形术的情况下重玩它。<br><font color="#FFAA00"><i>我警告你了!< / i > < / font >
2115940547|00000000||练习天气变化法术5次。
2115940546|00000000||删除项目
2115940545|00000000||向前
2115940544|00000000||深红色
2115940543|00000000||淡黄绿
2115940542|00000000||蔚蓝
2115940541|00000000||<i>自动治疗</i>[当护盾被攻击时恢复生命值]
2115940540|00000000||<b>女性语音包丢失!</b><br>这意味着:当你玩女性语音启用(<font color="#00FF00">Witcheress/Sorceress</font>)， <font color="#FF2222">角色会沉默而不是发出声音</font>。<br>请考虑安装此MOD:<br> <font color="#7F007B">nexusmods.com/witcher3/mods/9147</font><br><br>
2115940539|00000000||<b>Immersive Wildlife Project(DhuCats)丢失!</b><br>这意味着:你将无法使用各种高质量的猫模型进行变形术(<font color="#00FF00">Sorceress</font>)。<br>请考虑安装此MOD:<br> <font color="#7F007B">nexusmods.com/witcher3/mods/3527</font> ("DhuCats" file)<br><br>
2115940538|00000000||<b>Female Geralt armor models不存在!</b><br>这意味着:你将不能“穿”自定义的护甲套装外观(<font color="#00FF00">Witcheress/Sorceress</font>)。<br>请考虑安装此MOD:<br> <font color="#7F007B">nexusmods.com/witcher3/mods/9322</font><br><br>
2115940537|00000000||为每个标志的所有动作设置颜色
2115940536|00000000|map_location_newreplacers_snow_arena_center_ft|浮船
2115940535|00000000|map_description_newreplacers_snow_arena_center_ft|一艘被冰包围的船，由于强大的魔法流漂浮在空中。
; ----------------------------------
2115940000|00000000||玩家
2115940001|00000000||玩家
2115940002|00000000||玩家
2115940003|00000000||塞勒斯汀
2115940004|00000000||MOD questgroup_newreplacers 任务
2115940005|00000000||成为大女术士
2115940006|00000000||练习阿祖尔的雷电法术5次。
2115940007|00000000||练习控制法术7次。
2115940008|00000000||练习引力场咒语5次。
2115940009|00000000||练习快速传送3次。
2115940010|00000000||练习重击13次。
2115940011|00000000||练习梅尔加的火焰法术5次。
2115940012|00000000||练习流星咒语7次。
2115940013|00000000||练习变形术3次。
2115940014|00000000||练习奴役咒语7次。
2115940015|00000000||练习盾术7次。
2115940016|00000000||练习龙卷风咒语7次。
2115940017|00000000||看看白果园的布告栏。
2115940018|00000000||打败怪物。
2115940019|00000000||进入传送门。
2115940020|00000000||调查区域。
2115940021|00000000||调查魔法石。
2115940022|00000000||和法师谈谈。
2115940023|00000000||艾尼兰同意成为小女术士的老师,来帮助理解混乱的魔法知识。<br>
2115940024|00000000||这位神秘的隐士法师名叫艾尼兰，当魔法石把他和船传送到白果园附近时，他正在研究这块异常的石头的性质。<br>
2115940025|00000000||小女术士在探索这个区域时，偶然发现了一块带有明显魔法痕迹的千里镜水晶。这条踪迹把她引向了一艘悬停在空中冰台上的魔法船。这种异常现象的源头显然是一块魔法石，而通过触碰它，我们的小女术士触发了怪物陷阱。如果不是一位陌生魔法师的出现，小女术士会在与怪物的战斗中受伤死去。<br>
2115940026|00000000||看完公告后，年轻的女术士怀疑这是一个有趣的案件。<br>
2115940027|00000000||你的魔法之路开始了。<br>
2115940028|00000000||成为大女术士。
2115940029|00000000|item_name_newreplacers_notices_sorceress_training_notice|在前往维吉玛的路上要小心！
2115940030|00000000|item_desc_newreplacers_notices_sorceress_training_notice|请注意前往维吉玛路上的怪事。
2115940031|00000000|item_name_newreplacers_notices_sorceress_training_notice_text|好人们，在去维吉玛的路上要小心！<br>上个星期，我骑着那匹马去探望我的女儿，可是突然间，轰隆隆的声音与炽热的狂风出现在我的头顶。我的马儿受到惊吓冲进了灌木丛中。<br>你可能会说我喝醉了，但那天我很清醒，我可是一点酒也没喝！<br>
2115940032|00000000|dlc_name_newreplacers|自定义玩家角色
2115940033|00000000|option_dlc_name_newreplacers|MOD: 自定义玩家角色
2115940034|00000000|content_name_dlc_newreplacers|MOD: 自定义玩家角色
2115940650|00000000||插槽：头部
2115940651|00000000||插槽：头发
2115940652|00000000||插槽：身体
2115940653|00000000||插槽：躯干
2115940654|00000000||插槽：手臂
2115940655|00000000||插槽：手套
2115940656|00000000||插槽：裙子
2115940657|00000000||插槽：腿部
2115940658|00000000||插槽：鞋子
2115940659|00000000||插槽： 杂项
2115940660|00000000||[下一个插槽：头发]
2115940661|00000000||[下一个插槽：身体]
2115940662|00000000||[下一个插槽：躯干]
2115940663|00000000||[下一个插槽：手臂]
2115940664|00000000||[下一个插槽：手套]
2115940665|00000000||[下一个插槽：裙子]
2115940666|00000000||[下一个插槽：腿部]
2115940667|00000000||[下一个插槽：鞋子]
2115940668|00000000||[下一个插槽：杂项]
2115940669|00000000||[下一个插槽：头部]
2115940600|00000000||插槽：头部
2115940601|00000000||插槽：头发
2115940602|00000000||插槽：身体
2115940603|00000000||插槽：躯干
2115940604|00000000||插槽：手臂
2115940605|00000000||插槽：手套
2115940606|00000000||插槽：裙子
2115940607|00000000||插槽：腿部
2115940608|00000000||插槽：鞋子
2115940609|00000000||插槽： 杂项
2115940610|00000000||[下一个插槽：头发]
2115940611|00000000||[下一个插槽：身体]
2115940612|00000000||[下一个插槽：躯干]
2115940613|00000000||[下一个插槽：手臂]
2115940614|00000000||[下一个插槽：手套]
2115940615|00000000||[下一个插槽：裙子]
2115940616|00000000||[下一个插槽：腿部]
2115940617|00000000||[下一个插槽：鞋子]
2115940618|00000000||[下一个插槽：杂项]
2115940619|00000000||[下一个插槽：头部]
2115940350|00000000||[退出] dev
2115940351|00000000||0:1 (只有闪电推击)
2115940352|00000000||1:4
2115940353|00000000||1:3
2115940354|00000000||1:2
2115940355|00000000||1:1
2115940356|00000000||2:1
2115940357|00000000||3:1
2115940358|00000000||4:1
2115940359|00000000||1:0 (只有闪电轻击)
2115940360|00000000||0:1 (只有爆炸攻击)
2115940361|00000000||1:4
2115940362|00000000||1:3
2115940363|00000000||1:2
2115940364|00000000||1:1
2115940365|00000000||2:1
2115940366|00000000||3:1
2115940367|00000000||4:1
2115940368|00000000||1:0 (只有岩石攻击)
2115940533|00000000||互动提示-女术士
2115940534|00000000||需要时使用{2115940151}代替<font color="#87CEFA">和</font>。<br>使用{2115940118}({2115940122}/{2115940141})代替<font color="#FF7F50"> </font>
2115940532|00000000||[作弊魔法设置]
2115940531|00000000||作弊: 解锁魔法等级:
2115940530|00000000||作弊:让所有法术到达最高等级
