;meta[language=ru]
; id      |key(hex)|key(str)| text
2115940050|||Arha'an lumar!
2115940051|||Cais'te aet disgleir!
2115940052|||Gveryd me cassel!
2115940053|||Greame et dwyr!
2115940054|||Rhobeir'me gelle!
2115940055|||Greame et dwyr!
2115940056|||Ess pyr'shena a et cleytte!
2115940057|||Nevid! Ariva!
2115940058|||Agored, teirgan.
2115940059|||Vryff cais'te aem gyhar!
2115940060|||Я ощущаю огромную силу внутри себя… Но мне нужно научиться направлять её. Мне нужен наставник.
2115940061|||Любопытно, возможно в этом месте есть какая-то магия. Мне следует проверить.
2115940062|||Кристалл мегаскопа! И магический след явно указывает на источник. Попробую открыть портал в это место.
2115940063|||Ого, что это за место?
2115940064|||От этого камня исходит мощный поток магии…
2115940065|||О нет, только не это!
2115940066|||*вскрик*
2115940067|||Ох…
2115940068|||Вы спасли мне жизнь. Кто вы? И где я, черт возьми, нахожусь?
2115940069|||Вот бы я была чародейкой…
2115940081|||Вот бы я был чародейкой…
2115940070|||Qued se creoest?
2115940071|||Caem a me!
2115940072|||Caelm, luned.
2115940073|||Aeksin a'bloed vort nimh!
2115940074|||Эй, ты меня слышишь?
2115940075|||D'yaebl! Она всё ещё умирает…
2115940076|||Me aedit'ef a'vita as te!
2115940077|||Maith.
2115940078|||An'badraigh aen cuach.
2115940079|||Gar'ean!
2115940080|||Ess'tuath esse!
2115940850|||Cead, luned. Conas esseath aelaedde?
2115940851|||Я в порядке, спасибо. Ты говоришь на Всеобщем Языке?
2115940852|||Squaess… Извиняюсь. Я привык говорить сам с собой на Hen Llinge.
2115940853|||Где я? Этот корабль, и ледяное окружение…
2115940854|||…парят в воздухе, верно. Я изучал происхождение внушительной магической интерсекции, которая находилась во льдах Северного моря.
2115940855|||Находилась?
2115940856|||Да, когда я попытался сместить поток магии в сторону стихии Воздуха, он разорвал пространство и перенёс меня сюда, вместе со всем, что ты сейчас наблюдаешь.
2115940857|||Похоже, что интерсекция образуется из-за этого камня. Временами поток становится неуправляемым, привлекая враждебных существ.
2115940858|||Получается, я вызвала всплеск в потоке…
2115940859|||Ха-ха-ха, точно. Каждый раз, когда я вступаю в контакт с камнем, происходит нечто подобное. Я бы сказал, что это напоминает действие магии двойного креста Альзура.
2115940860|||Теперь, думаю, я понимаю. Ну, наверное, по крайней мере…
2115940861|||Cead, моя юная ученица.
2115940862|||Приятно наблюдать присутствие самой могущественной чародейки… на этом корабле.
2115940863|||Когда я лицезрею свою ученицу, это согревает мне сердце.
2115940864|||Приветствую.
2115940865|||Добро пожаловать!
2115940867|||Ещё увидимся.
2115940868|||Прощай.
2115940869|||До встречи.
2115940870|||Я бы хотела стать твоей ученицей.
2115940871|||Расскажи мне о себе.
2115940872|||Как неожиданно… Почему? Несомненно, ты могла бы получить больше знаний в Аретузе.
2115940873|||Меня исключили оттуда.
2115940874|||Тяжесть их безжалостных требований стала для меня невыносимой.
2115940875|||Потому что ты баловалась запретными искусствами?
2115940876|||Да, я призвала демона.
2115940877|||Да, я осмелилась попробовать некромантию.
2115940878|||Нет, я случайно убила учителя.
2115940879|||Нет, я бы не хотела об этом говорить.
2115940880|||Я почти сразу потеряла над ним контроль, и прежде чем ректор остановила его, демон убил несколько начинающих учениц…
2115940881|||И чтобы сделать это, я стащила магические кристаллы из мегаскопа нашей наставницы…
2115940882|||Сожалеешь ли ты сейчас о содеянном?
2115940883|||Да, очень сильно.
2115940884|||Не особо.
2115940885|||Для меня было крайне важно услышать эти слова.
2115940886|||Ты не смогла усвоить тот урок, следовательно, не сможешь усвоить и мой.
2115940887|||Надеюсь, я не стану следующим…
2115940888|||Ну конечно нет!
2115940889|||Как пожелаешь.
2115940890|||Как хорошо я тебя понимаю.
2115940891|||Хмм… Прошло довольно много времени с тех пор, как я в последний раз брал учеников…
2115940892|||Пожалуйста! Я… Я не подведу тебя.
2115940893|||Что ж, сначала ты должна продемонстрировать свою готовность.
2115940894|||Я задам тебе несколько вопросов.
2115940895|||Что такое Магия?
2115940896|||Кто из чародеев создал первых ведьмаков?
2115940897|||Кто был первой женщиной-чародеем и мастером стихии Воздуха?
2115940898|||Какой тип магии позволяет предсказывать судьбы людей?
2115940899|||Почему искусство некромантии было запрещено?
2115940900|||Из какой стихии ведьмачий знак Квен черпает свою силу?
2115940901|||Из всех стихий, какая считается наиболее опасной?
2115940902|||Тебе нужно ещё подготовиться. Можешь использовать мою библиотеку на корабле.
2115940903|||Неужели вас в Аретузе совсем ничему не учат? Ты умудрилась ответить неправильно на все мои вопросы.
2115940904|||Очень хорошо, ты подготовлена. И ты уже ознакомлена с базовыми заклинаниями.
2115940905|||Ты можешь изучить новые продвинутые заклинания или улучшить те, которые уже знаешь.
2115940906|||Помни, что ты должна успешно применить каждое новое заклинание несколько раз, прежде чем переходить к следующему.
2115940907|||Прежде чем двигаться дальше, ты дальше попрактиковаться в том заклинании, что мы изучали в прошлый раз.
2115940908|||Твой уровень магии всё ещё недостаточный для новых заклинаний.
2115940909|||Кстати, ты достигля уровня, достаточного для изучения новых заклинаний.
2115940910|||Ты должна выбрать, какое именно интересует тебя.
2115940911|||Ясно. Я расскажу тебе о том, как применить это заклинание, и твоя задача - попрактиковаться и овладеть им в совершенстве.
2115940912|||Понял. Сейчас я объясню, как применить это заклинание, и твоя обязанность будет заключаться в том, чтобы отработать его на практике.
2115940913|||Я обучил тебя всем продвинутым заклинаниям. Это означает, что больше мне нечему тебя учить.
2115940914|||Называй меня как Айнеран. Мой отец, опытный моряк, часто брал меня в свои морские экспедиции. Однако в один роковой день сильный шторм безжалостно разбил наш корабль.
2115940915|||Среди хаоса, обломков корабля и тонущих моряков меня поглотила ослепительная вспышка, и я очнулся в глубине лесов Каэдвена.
2115940916|||В тот день я потерял отца, но судьба подарила мне шанс учиться в уважаемой академии магов. Хотя на последнем курсе обстоятельства вынудили меня покинуть Бан Ард…
2115940917|||С тех пор я занялся исследованием магических аномалий и интерсекций. Намеренно держась подальше от дворцовых интриг и невежества толпы.
2115940918|||Я хотела бы выучить новые заклинания.
2115940919|||Не мог бы ты, пожалуйста, напомнить мне, как применить…
2115940985|||О моих успехах в практике…
2115940920|||Энергия 6 стихий.
2115940921|||Яркие вспышки и искры.
2115940922|||Искусство и наука управления хаосом.
2115940923|||Простой способ получить то, чего хочешь.
2115940924|||Джеоффрей Монк и Раффар Белый.
2115940925|||Альзур и Косимо Маласпина.
2115940926|||Нина Фиораванти и Аврора Хенсон.
2115940927|||Ортолан и Сорель Дегерлунд.
2115940928|||Агнесс из Гланвилля.
2115940929|||Клара Ларисса де Винтер.
2115940930|||Тиссая де Врие.
2115940931|||Лара Доррен аэп Шиадаль.
2115940975|||Гоэтия.
2115940976|||Трансмутация.
2115940977|||Лесбомантия.
2115940978|||Гидромантия.
2115940932|||Потому что это требует огромного количества энергии.
2115940933|||Из-за суеверного страха перед ожившими мертвецами.
2115940934|||Потому что это всегда приводит к совершенно негативным побочным эффектам, несмотря на изначальные мотивы.
2115940935|||Потому что это позволяет извлекать информацию из трупов.
2115940936|||Стихия Воздуха.
2115940937|||Стихия Воды.
2115940938|||Стихия Огня.
2115940939|||Стихия Земли.
2115940940|||А, приветствую, моя ученица. Не могла бы ты помочь мне кое с чем?
2115940941|||Да, в чём дело?
2115940942|||Извини, нет на это времени.
2115940943|||До твоего появления я иногда испытывал разъедающее душу одиночество. Поэтому я с радостью принял к себе кошачьего друга, и часто задумывался о создании дружелюбного голема.
2115940944|||Однако, все мои попытки заканчивались неудачно. Теперь же, я почти уверен, что вместе с тобой, мы можем успешно воплотить эту идею в реальность.
2115940945|||Чем мы рискуем?
2115940946|||Ничем, если только ты не считаешь потраченное обсидиановое сердце или злобную неуправляемую груду камней за серьёзные последствия.
2115940947|||Конечно, это будет интересно.
2115940948|||Извини, не уверена что смогу помочь.
2115940949|||Итак, приступим. Я призову оживляющую молнию, и пока я это делаю, твоя задача наполнить его силой стихий Земли и Воды, в равных пропорциях.
2115940950|||Me galwad iersann sigellen aep vita!
2115940305|||Me galwad iersann sigellen aep vita!
2115940951|||Ты всё напутала! Стихии Земли и Воды должны быть смешаны в равных пропорциях, а не вот так!
2115940952|||Эй… Как твоё имя? В чём твоё предназначение?
2115940953|||Я Целестин. Я защищаю своих создателей, господина и госпожу. И делаю, что они прикажут.
2115940954|||Великолепно! У нас получилось! Аспект Воды даёт ему необычайное мышление. Добро пожаловать на мой корабль, Целестин.
2115940955|||Благодарю, господин.
2115940956|||Госпожа. Радость.
2115940957|||Утречка. Отличный денёк.
2115940958|||Ты осознаёшь себя?
2115940959|||Я был в Воде, Воздухе, Земле. Везде. А сейчас я здесь.
2115940960|||У тебя есть какие-то желания?
2115940961|||Спокойствие. Тишина. Неторопливость.
2115940962|||Что ты будешь делать если мы исчезнем?
2115940963|||Выполнять ваше последнее наставление. Защищать ваше имущество.
2115940964|||Сколько будет восемь плюс четыре?
2115940965|||Хмм.. Десять два.
2115940966|||Тебе нравится это место?
2115940967|||Да. Оно спокойное, голубое, красивое.
2115940968|||Ты испытываешь эмоции?
2115940969|||Я следую алгоритму. Всё, что вне алгоритма - раздражение. Остальное - спокойствие.
2115940970|||Я буду ждать.
2115940971|||Удачи тебе.
2115940972|||Я прочен как скала.
2115940973|||Я красив как кристалл.
2115940974|||Я умён как Вода.
2115940979|||Вторжение!
2115940980|||Красная тревога!
2115940981|||Перехожу в боевой режим!
2115940982|||Спокойствие было восстановлено.
2115940983|||Нарушители были ликвидированы.
2115940984|||Безопасность создателей обеспечена.
2115940987|||Конечно, без проблем.
2115940988|||Я готова.
2115940989|||Me aedit'ef a'lagi shed a'ear as te!
2115940300|||Me aedit'ef a'lagi shed a'ear as te! [Я вдыхаю в тебя Воду и Землю!]
2115940990|||Me aedit'ef a'lagi as te!
2115940301|||Me aedit'ef a'lagi as te! [Я вдыхаю в тебя Воду!]
2115940991|||Me aedit'ef a'enye shed a'ear as te!
2115940302|||Me aedit'ef a'enye shed a'ear as te! [Я вдыхаю в тебя Огонь и Землю!]
2115940992|||Me aedit'ef a'ear as te!
2115940303|||Me aedit'ef a'ear as te! [Я вдыхаю в тебя Землю!]
2115940993|||Me aedit'ef a'eire shed a'ear as te!
2115940304|||Me aedit'ef a'eire shed a'ear as te! [Я вдыхаю в тебя Воздух и Землю!]
2115940306|||Один прохожий увидел ваш корабль в небе.
2115940307|||Ах, вероятно после того, как я телепортировался сюда. Я тут же наложил заклинание невидимости.
2115940308|||Так что теперь даже орда охотников на ведьм не сможет обнаружить моё присутствие. Но мне любопытно, как ты сюда попала?
2115940309|||По осколку кристалла на земле. Я смогла настроиться на его след.
2115940310|||Чёрт возьми, верно. Мой мегаскоп сломался, и я в порыве чувств швырнул кристалл от него куда подальше.
2115940311|||Счастливого нового года, мой учитель.
2115940312|||Пусть в окошко постучится, В полночь добрый Новый год, Всем мечтам поможет сбыться, Счастье, радость принесёт!
2115940994|||Invocare aedden aep aenye al uide!
2115940995|||Мы можем попробовать создать голема ещё раз?
2115940996|||Согласен, но на этот раз я прошу уделить большее внимание деталям. Надеюсь, ты не забыла, что на Старшей Речи "ear" означает Землю, а "lagi" - Воду.
2115940997|||Мне нужен портал, чтобы вернуться на землю.
2115940313|||Eys'u failte.
2115940314|||Beydem.
2115940315|||Aen eich'te llyvaid.
2115940085|00000000||треб. ур.
2115940086|00000000||Включено
2115940087|00000000||Выключено
2115940088|00000000|nr_str_appearance_set|generic definitions
2115940089|00000000||DLC: Пользовательские (Моды)
2115940090|00000000||DLC: Основные персонажи
2115940091|00000000||DLC: Другие персонажи
2115940092|00000000||Основные персонажи
2115940093|00000000||Другие персонажи
2115940094|00000000||[Открыть портал к Мастеру Айниэрану]
2115940095|00000000||Базовые заклинания
2115940096|00000000||Колокольчик
2115940097|00000000||Сохранено как набор #
2115940098|00000000|item_name_nr_chameleon_potion|Хамелеон
2115940099|00000000|item_desc_nr_chameleon_potion|Позволяет менять внешность. Для чародейки также позволяет настраивать заклинания.<br>Не нужно экипировать, просто нажмите "Съесть". Затем выйдите из инвентаря.
2115940100|00000000||Нельзя экипировать предметы в слот: 
2115940101|00000000||Ведьмачка
2115940102|00000000||расцветка
2115940103|00000000||[НАЗАД]
2115940104|00000000||[Очистить слот]
2115940105|00000000||Слот
2115940106|00000000||Тело
2115940107|00000000||Голова
2115940108|00000000||Волосы/Шляпа
2115940109|00000000||Торс
2115940110|00000000||Руки
2115940111|00000000||Перчатки
2115940112|00000000||Платье
2115940113|00000000||Ноги
2115940114|00000000||Обувь
2115940115|00000000||Разное
2115940116|00000000||варианты
2115940117|00000000||Тип игрока
2115940118|00000000||Лёгкие атаки
2115940119|00000000||Соотношение атак Слэш/Метательные
2115940120|00000000||тип
2115940121|00000000||цвет
2115940122|00000000||Слэш
2115940123|00000000||Шанс озвучки
2115940124|00000000||Чёрный
2115940125|00000000||Серый
2115940126|00000000||Белый
2115940127|00000000||Жёлтый
2115940128|00000000||Оранжевый
2115940129|00000000||Красный
2115940130|00000000||Розовый
2115940131|00000000||Фиолетовый
2115940132|00000000||Голубой
2115940133|00000000||Бирюзовый
2115940134|00000000||Зелёный
2115940135|00000000||Особый-1
2115940136|00000000||Особый-2
2115940137|00000000||Особый-3
2115940138|00000000||РАНДОМНЫЙ
2115940140|00000000||Метательные
2115940141|00000000||Молния
2115940142|00000000||Снаряд
2115940143|00000000||Эффект рук
2115940144|00000000||Телепорт
2115940145|00000000||Телепорт быстрого перемещения
2115940146|00000000||Тяжёлые атаки
2115940147|00000000||Соотношение атак Камни/Бомба
2115940148|00000000||Камневая атака
2115940149|00000000||Бомба
2115940150|00000000||Волна камневой атаки
2115940160|00000000||Разрывающее добивание
2115940151|00000000||Блокирующая волна
2115940152|00000000||Особые заклинания
2115940153|00000000||Торнадо
2115940154|00000000||Контроль
2115940155|00000000||Метеор
2115940156|00000000||Щит
2115940157|00000000||Прислужник
2115940161|00000000||Эффект призыва прислужника
2115940158|00000000||Альтернативные особые заклинания
2115940159|00000000||Ваше заклинание <font color='#FF0000'>ОБРАТИЛОСЬ</font> против вас: 
2115940162|00000000||Гроза Альзура
2115940163|00000000||Гравитационное поле
2115940164|00000000||Огонь Мельгара
2115940165|00000000||Люмос
2115940166|00000000||Полиморфизм
2115940167|00000000||тип #2
2115940168|00000000||Водная ловушка
2115940199|00000000||Мастер Айниэран
2115940200|00000000||<font color="#d92626">Начинающая</font>
2115940201|00000000||<font color="#e68319">Ученица</font>
2115940202|00000000||<font color="#e6e219">Опытная</font>
2115940203|00000000||<font color="#50e619">Магистр</font>
2115940204|00000000||<font color="#8d19e6">Архимагистр</font>
2115940205|00000000||Разблокированные навыки
2115940206|00000000||Добро пожаловать в мод <font color="#00c785">Пользовательские Персонажи Игрока</font>!
2115940207|00000000||<br>Специальное зелье <font color="#66ccff">Хамелеон</font> добавлено в ваш инвентарь. Используйте его и выйдите из инвентаря, чтобы запустить сцену настройки игрока.<br><br><b>Обратите внимание:</b> Пока вы не примените зелье, мод не будет оказывать никакого влияния на ваш игровой процесс.<br><br><i>Удачи на Пути!</i><br>
2115940208|00000000||Вы получили <font color="#66ff99">новый уровень магии</font>!
2115940198|00000000||Вы изучили <font color="#66ccff">новый магический навык</font>!
2115940197|00000000||Новый уровень магии: 
2115940196|00000000||Новый магический навык: 
2115940195|00000000||Это напоминание.
2115940194|00000000||Прогресс магических навыков.
2115940193|00000000||Новый уровень магического навыка!
2115940209|00000000||<font size="22">У вас есть базовые магические навыки:<br><font color="#ffff66"><b>- {2115940118} ({2115940122}, {2115940140}: {2115940141}/{2115940142}, {2115940168})</b></font><br>  {1077642}/{1084067}/{1076397}/{1084082}: Нажмите кнопку "Быстрая атака" (как для фехтования) чтобы применить.<br><br><font color="#ffff66"><b>- {2115940151}</b></font><br>  Нажмите кнопку "Блок" (как для фехтования) чтобы применить.<br><br><font color="#ffff66"><b>- {2115940589}</b></font><br>  {1077642}: Нажмите кнопки движения (чтобы контролировать направление, опционально) + кнопку "Кувырок" (дальняя дистанция) / "Уклониться" (близкая дистанция) чтобы применить.<br>  {1084067}: Нажмите кнопки движения (чтобы контролировать направление, опционально) + кнопку "Эликсиры и еда 4" чтобы применить.<br><br><font color="#ffff66"><b>- {2115940158}</b></font><br>  {2115940165}: Выберите <i>Квен</i> (по умолчанию, можно изменить в сцене настройки игрока) и <i>удерживайте</i> кнопку "Наложить знак" чтобы применить. Удерживайте ещё раз, чтобы развеять заклинание.<br><br>Ваш <i>уровень магии</i> будет повышаться по мере того, как будет повышаться <i>уровень игрока<i>.<br>Также, чем больше вы используете магический навык, тем более мощным он становится, а также открываются новые бонусы для навыка.<br><i>Следуйте по квесту, чтобы найти <font color="#66ffcc">наставника</font> и изучить новые заклинания!</i><br></font>
2115940210|00000000||Вы готовы изучить новые магические навыки:<br><font color="#ffff66"><b>- {2115940146} ({2115940150}, {2115940149}, {2115940160})</b></font><br><font color="#ffff66"><b>- {2115940145}</b></font><br><br><i>Посетите <font color="#66ffcc">Мастера Айниэрана</font> чтобы изучить их.</i><br>
2115940211|00000000||<font color="#ffff66"><b>- {2115940146} ({2115940148}, {2115940149}, {2115940160})</b></font><br>  Нажмите кнопку "Мощная атака" или "Быстрая атака + Изменить тип атаки" (как для фехтования) чтобы применить.<br>  {2115940148}  и {2115940149} чередуются в соотношении 2:1 (может быть изменено в сцене настройки игрока).<br>  {2115940160} может быть выполнено с шансом в 25% если уровень здоровья жертвы менее 25%. Эти цифры улучшаются с увеличением магического уровня.<br>  <font color="#ff6600">ВНИМАНИЕ:</font> Вы не можете применять {2115940160} на боссах.<br>
2115940212|00000000||<font color="#ffff66"><b>- {2115940145}</b></font><br>  Откройте карту мира и нажмите на <i>любую</i> иконку указателя чтоб применить.<br>
2115940216|00000000||<font color="#ffff66"><b>- {2115940156}</b></font><br>  Выберите <i>Квен</i> (по умолчанию, можно изменить в сцене настройки игрока) и <i>нажмите</i> кнопку "наложить знак" чтобы применить.<br>
2115940213|00000000||Вы готовы изучить новые магические навыки:<br><font color="#ffff66"><b>- {2115940152} ({2115940153}, {2115940154}, {2115940156})</b></font><br><br><i>Посетите <font color="#66ffcc">Мастера Айниэрана</font> чтобы изучить их.</i><br>
2115940214|00000000||<font color="#ffff66"><b>- {2115940153}</b></font><br>  Выберите <i>Аард</i> (по умолчанию, можно изменить в сцене настройки игрока) и <i>нажмите</i> кнопку "наложить знак" чтобы применить.<br><br>  <font color="#ff6600">ВНИМАНИЕ:</font> Это заклинание всегда имеет шанс обратиться против вас после истечения действия. Вы почувствуете (увидите надпись) когда это произойдёт.<br>Практикуйте (применяйте много раз) заклинание, чтобы уменьшить этот шанс.<br>
2115940215|00000000||<font color="#ffff66"><b>- {2115940154}</b></font><br>  Выберите <i>Аксий</i> (по умолчанию, можно изменить в сцене настройки игрока), наведитесь на цель и <i>нажмите</i> кнопку "наложить знак" чтобы применить.<br><br>  <font color="#ff6600">ВНИМАНИЕ:</font> Это заклинание всегда имеет шанс обратиться против вас после истечения действия. Вы почувствуете (увидите надпись) когда это произойдёт.<br>Практикуйте (применяйте много раз) заклинание, чтобы уменьшить этот шанс.<br>
2115940221|00000000||<font color="#ffff66"><b>- {2115940163}</b></font><br>  Выберите <i>Аксий</i> (по умолчанию, может быть изменено в сцене настройки игрока) и <i>зажмите</i> кнопку "Наложить знак" чтобы применить.<br><br>  <font color="#ff6600">ВНИМАНИЕ:</font> Это заклинание всегда имеет шанс обратиться против вас после истечения действия. Вы почувствуете (увидите надпись) когда это произойдёт.<br>Практикуйте (применяйте много раз) заклинание, чтобы уменьшить этот шанс.<br>
2115940217|00000000||Вы готовы изучить новые магические навыки:<br><font color="#ffff66"><b>- {2115940152} ({2115940155}, {2115940157})</b></font><br><font color="#ffff66"><b>- {2115940158} ({2115940162}, {2115940163})</b></font><br><br><i>Посетите <font color="#66ffcc">Мастера Айниэрана</font> чтобы изучить их.</i><br>
2115940218|00000000||<font color="#ffff66"><b>- {2115940155}</b></font><br>  Выберите <i>Игни</i> (по умолчанию, может быть изменено в сцене настройки игрока) and <i>нажмите</i> кнопку "Наложить знак" чтобы применить.<br><br>  <font color="#ff6600">ВНИМАНИЕ:</font> Это заклинание всегда имеет шанс обратиться против вас после истечения действия. Вы почувствуете (увидите надпись) когда это произойдёт.<br>Практикуйте (применяйте много раз) заклинание, чтобы уменьшить этот шанс.<br>
2115940219|00000000||<font color="#ffff66"><b>- {2115940157}</b></font><br>  Выберите <i>Ирден</i> (по умолчанию, может быть изменено в сцене настройки игрока) и <i>нажмите</i> кнопку "Наложить знак" чтобы применить.<br><br>  <font color="#ff6600">ВНИМАНИЕ:</font> Это заклинание всегда имеет шанс обратиться против вас после истечения действия. Вы почувствуете (увидите надпись) когда это произойдёт.<br>Практикуйте (применяйте много раз) заклинание, чтобы уменьшить этот шанс.<br>
2115940220|00000000||<font color="#ffff66"><b>- {2115940162}</b></font><br>  Выберите <i>Аард</i> (по умолчанию, может быть изменено в сцене настройки игрока) и <i>зажмите</i> кнопку "Наложить знак" чтобы применить.<br><br>  <font color="#ff6600">ВНИМАНИЕ:</font> Это заклинание всегда имеет шанс обратиться против вас после истечения действия. Вы почувствуете (увидите надпись) когда это произойдёт.<br>Практикуйте (применяйте много раз) заклинание, чтобы уменьшить этот шанс.<br>
2115940222|00000000||Вы готовы изучить новые магические навыки:<br><font color="#ffff66"><b>- {2115940158} ({2115940164}, {2115940166})</b></font><br><br><i>Посетите <font color="#66ffcc">Мастера Айниэрана</font> чтобы изучить их.</i><br>
2115940223|00000000||<font color="#ffff66"><b>- {2115940164}</b></font><br>  Выберите <i>Игни</i> (по умолчанию, может быть изменено в сцене настройки игрока) and <i>зажмите</i> кнопку "Наложить знак" чтобы применить.<br><br>  <font color="#ff6600">ВНИМАНИЕ:</font> Это заклинание всегда имеет шанс обратиться против вас после истечения действия. Вы почувствуете (увидите надпись) когда это произойдёт.<br>Практикуйте (применяйте много раз) заклинание, чтобы уменьшить этот шанс.<br>
2115940224|00000000||<font color="#ffff66"><b>- {2115940166}</b></font><br>  Выберите <i>Ирден</i> (по умолчанию, может быть изменено в сцене настройки игрока) and <i>зажмите</i> кнопку "Наложить знак" чтобы применить. Удерживайте ещё раз, чтобы развеять заклинание.<br>  <b>ПРИМЕЧАНИЕ:</b> Чтобы открыть больше вариантов внешности кота, установите <font color="#8800AA">Immersive Wildlife Project (Dhu Cats)</font><br>  <i><font color="#E4FF00">nexusmods.com/witcher3/mods/3527</font></i>
2115940225|00000000||Применений
2115940226|00000000||<i>Настройка</i> [позволяет менять визуальные и другие аспекты, всегда открывается на 1-м уровне навыка]
2115940227|00000000||<b>Особые способности</b> [дополнительные бонусы заклинания, не влияет на расход энергии]
2115940228|00000000||<i>Двойной слэш</i> [дополнительный слэш даёт +25% к атаке]
2115940229|00000000||<i>Авто-наведение</i> [снаряды корректируют свою траекторию к цели]
2115940230|00000000||<i>Отскок молнии</i> [дополнительная молния с 50% уроном ударяет в другого оппонента]
2115940231|00000000||<i>Круговая форма</i> [сферическая волна сбивает врагов с любого направления]
2115940232|00000000||<i>Авто-блокирующая волна</i> [после телепортации на новую позицию, вызывается блокирующая волна с шансом 30%, +2% шанса за каждый уровень навыка]
2115940233|00000000||<i>Усиление марионеток</i> [увеличивает уровень жертвы 3 на время контроля]
2115940234|00000000||<i>Максимум марионеток</i> [максимальное число контролируемых жертв одновременно]
2115940235|00000000||<i>Максимум прислужников</i> [максимальное число призванных прислужников одновременно]
2115940236|00000000||<i>Максимум торнадо</i> [максимальное число торнадо одновременно]
2115940237|00000000||<i>Следование за игроков</i> [заклинание/прислужники следуют за игроком]
2115940238|00000000||<i>Типы прислужников</i> [каких прислужников можно призвать, открытые типы можно выбрать в сцене настройки игрока]
2115940239|00000000||<i>Преследование цели</i> [всё время преследует изначальную цель]
2115940240|00000000||<i>Количество метеоров</i> [количество метеоров на одно применение]
2115940241|00000000||<i>Поглощение урона</i> (100% = максимальное здоровье игрока)
2115940242|00000000||Этот навык не изучен
2115940243|00000000||<i>Легенда</i>: <font color="#FF0000">красный = заблокировано</font>, <font color="#00FF00">зелёный = разблокировано (изучено)/бонус</font>
2115940244|00000000||<i>Контроль урона</i> [заклинание наносит урон только противникам, но игрок может получить урон когда заклинание ОБРАЩАЕТСЯ против него]
2115940245|00000000||<i>Горение</i> [поджигает противника на 5 секунд с шансом 20%, и +1% шанса на каждом уровне навыка]
2115940246|00000000||<i>Замораживание</i> [замораживает противника на 5 секунд с шансом 20%, и +1% шанса на каждом уровне навыка]
2115940247|00000000||<i>Количество молний/метеоров</i> [количество молний/метеоров за один интервал времени]
2115940248|00000000||<i>Интервал между вспышками молний/метеоров</i> [время между появлением молний/метеоров]
2115940249|00000000||<i>Два прислужника</i> [вызывает двух прислужников, разблокированные типы могут быть назначены независимо 1-му и 2-му прислужнику в сцене настройки игрока]
2115940250|00000000||<i>Вакуум</i> [заклинание затягивает в себя врагов]
2115940251|00000000||<i>Авто-щит</i> [при применении заклинания, появляется щит с определённым шансом]
2115940252|00000000||<i>Авто-применение</i> [при начале боя применяется автоматически, после окончания боя исчезает]
2115940253|00000000||<font color="#d92626">Заклинания начинающей</font>
2115940254|00000000||<font color="#e68319">Заклинания ученицы</font>
2115940255|00000000||<font color="#e6e219">Заклинания опытной</font>
2115940256|00000000||<font color="#50e619">Заклинания магистра</font>
2115940257|00000000||<font color="#8d19e6">Заклинания архимагистра</font>
2115940550|00000000||[ВЫХОД]
2115940551|00000000||Сменить тип игрока
2115940552|00000000||Сменить внешность игрока
2115940553|00000000||Сменить имя игрока
2115940554|00000000||Настроить заклинания чародейки
2115940555|00000000||Показать справочную информацию
2115940556|00000000||<b>- {2115940551}</b>: <font color="#FFFF00">оригинальные типы (Геральт, Цири)</font> позволяют играть, как без мода.<br>  <font color="#00FF00">ВСЕ настраиваемые пользовательские типы</font> позволяют менять внешность и отображаемое имя. Ваш игровой прогресс и инвентарь единые между всеми типами. Играя за любой настраиваемый тип, вы можете делать всё то же, что может Геральт (кроме использования мечей для <font color="#00FF00">Чародейки</font>).<br>  <font color="#00FF00">Ведьмак</font> позволяет играть прямо как за Геральта.<br>  <font color="#00FF00">Ведьмачка</font> позволяет играть прямо как за Геральта, с женскими анимациями Геральта и женской ИИ-обработанной озвучкой Геральта.<br>  <font color="#00FF00">Чародейка</font> позволяет играть с женскими анимациями Геральта, женской ИИ-обработанной озвучкой Геральта и новой магической боевой системой. Чтобы получить полную силу, следуйте по квесту после выбора <font color="#00FF00">Чародейки</font>.<br>  <i>ПРИМЕЧАНИЕ:</i> <font color="#FF0000">НЕ удаляйте</font> мод после того как сделали сохранение с ним, так как некоторые данные мода записываются в сохранения. Вы всегда можете использовать "Хамелеон" и вернуться к <font color="#FFFF00">Геральту (оригинальному)</font> чтобы всё выглядело так, как будто мод не установлен.<br>  <font color="#FF0000">ВНИМАНИЕ</font>: если вы выберите <font color="#FFFF00">Цири (оригинальная)</font> вы не сможете использовать "Хамелеон" и вернуться в эту сцену, так как инвентарь будет заблокирован. Единственный способ вернуться - использовать консольную команду "NRToGeralt", а затем использовать "Хамелеон", как обычно.<br>
2115940557|00000000||<font size="22"><b>- Режим внешности</b>: Полностью кастомный (по умолчанию) - скрывает снаряжение и показывает выбранную внешность полностью, Реальное снаряжение - показывает снаряжение, так что только голова, волосы и различные предметы могут быть изменены.<br><i>ВНИМАНИЕ:</i> только для мужского персонажа (Ведьмак), женские (Ведьмачка/Чародейка) - WIP.<br><br><b>- {2115940565}</b>: ваши наборы внешности (вы можете сохранить текущую, загрузить раннее сохранённую внешность)<br><br><b>- {2115940566}</b>: предопредёленные наборы внешности из всех NPC, во всех вариантах раскраски.<br><br><b>- {2115940567}</b>: предопределенные наборы из всех наборов доспехов Геральта, во всех цветовых вариантах. В большинстве случаев не меняют голову и волосы игрока.<br>  Для <font color="#00FF00">женских игровых типов</font> используются модели доспехов, адаптированные Val aka Jo, поэтому убедитесь, что у вас установлен её мод: <font color="#9900CC">женские модели брони Геральта</font>.<br><br><b>- {2115940568}</b>: изменить слоты внешности вручную, для расширенной настройки. Один из способов использования: очистите все слоты, затем выберите голову, волосы, тело/торс, руки, кисти, ноги, обувь, затем выберите дополнительные предметы.<br><br><b>- Сохранение частей тела как аксессуаров</b>: для расширенной настройки, если вы хотите применить 2 или более моделей из одного слота (требуется редко).<br><br><b>- Показывать названия текущих частей при просмотре</b>: для расширенных настроек, показывает названия текущих моделей во время предпросмотра.<br></font>
2115940558|00000000||Имя игрока
2115940559|00000000||Геральт (оригинальный)
2115940560|00000000||Цири (оригинальная)
2115940561|00000000||Ведьмак (настраиваемый)
2115940562|00000000||Ведьмачка (настраиваемая)
2115940563|00000000||Чародейка (настраиваемая)
2115940564|00000000||[Очистить все слоты и предметы]
2115940565|00000000||Мои наборы внешности
2115940566|00000000||Наборы внешности NPC
2115940567|00000000||Наборы брони Геральта
2115940568|00000000||Настроить слоты внешности (Конструктор внешности)
2115940569|00000000||Сохранение частей тела как аксессуаров: [выключено]
2115940570|00000000||Сохранение частей тела как аксессуаров: [включено]
2115940571|00000000||Показать информацию о пользовательских DLC
2115940572|00000000||Сохранить текущий набор внешности
2115940573|00000000||Загрузить набор внешности
2115940574|00000000||Удалить набор внешности
2115940575|00000000||Загрузить набор
2115940576|00000000||Удалить набор
2115940577|00000000||Показывать названия текущих частей при просмотре: [выключено]
2115940578|00000000||Показывать названия текущих частей при просмотре: [включено]
2115940579|00000000||[Применить РАНДОМНЫЙ]
2115940580|00000000||Использовать женскую озвучку: [Авто (Рекомендуется)]
2115940581|00000000||Использовать женскую озвучку: [Всегда]
2115940582|00000000||Использовать женскую озвучку: [Никогда]
2115940583|00000000||Автор: <font color="#004488">nikich340 (Никита Гребенюк)</font><br>  Используйте <font color="#770044">U (Кнопка фоторежима)</font> => <font color="#070077">быстрое "НАЗАД"</font><br>  Используйте <font color="#770044">W,S/Кнопки стрелок/Колесо мыши</font> => <font color="#070077">прокрутка списка опций</font>
2115940585|00000000||Загружен набор #
2115940586|00000000||Удалён набор #
2115940587|00000000||Задать шанс озвучки заклинания
2115940588|00000000||Шанс озвучки заклинания
2115940589|00000000||Геймплейный телепорт
2115940590|00000000||<b>- {2115940552}</b>: позволяет менять внешность по желанию.<br>  Доступно только для <font color="#00FF00">настраиваемых типов игрока</font>.<br><br><b>- {2115940553}</b>: меняют имя для субтитров и лога урона.<br>  Вы можете выбирать только из оригинальных игровых имён (~950).<br>  Доступно только для <font color="#00FF00">настраиваемых типов игрока</font>.<br><br><b>- {2115940554}</b>: Позволяет настраивать заклинания (цвет, тип) и некоторые другие параметры.<br>  Доступно только для <font color="#00FF00">Чародейки</font>.<br><br><b>- Использовать женскую озвучку:</b> <i>Авто (рекомендуется)</i> - Специально ИИ-обработанная озвучка Геральта, чтобы звучать как женская, используется при игре за <font color="#FFFF00">Цири</font>/<font color="#00FF00">Ведьмачку/Чародейку</font>. Вы можете скачать и установить другой вариант/язык озвучка на странице отдельного мода:<br>  <font color="#FFFF00">nexusmods.com/witcher3/mods/9147</font><br>  <i>Текущая озвучка</i>: <font color="#00FF00">{2115940999}</font><br>
2115940592|00000000||Управление навыками
2115940593|00000000||Показывать подсказки управления магией
2115940594|00000000||Движение вверх
2115940595|00000000||Движение вниз
2115940596|00000000||<i>Авто освещение</i> [зажигает все источники света на определённом расстоянии]
2115940597|00000000||Сова
2115940598|00000000||Внешность
2115940599|00000000||Смена погоды
2115940549|00000000||<font color="#ffff66"><b>- {2115940599}</b></font><br>  Выберите <i>Аард</i> (по умолчанию, можно изменить в сцене настройки игрока) и <i>нажмите</i> кнопку "Наложить знак" чтобы применить.<br>
2115940548|00000000||<font color="#FFFF00"><b>Полиморфизм - ПРЕДУПРЕЖДЕНИЕ:</b></font> Поскольку путешествие в облике животного или птицы открывает новые возможности (часто не предусмотренные разработчиками) для путешествия, можно пропустить важную триггерную зону, интерактивную дверь и т.д., и, таким образом, нарушить логику квеста.<br>Будьте осторожны, используя эту опцию, и постарайтесь делать сохранения вручную. В случае возникновения странных ситуаций, когда выполнение задания не продвигается дальше, попробуйте повторить его, не используя полиморфизм.<br><font color="#FFAA00"><i>Вы были предупреждены!</i></font>
2115940547|00000000||Попрактиковать заклинание Смена погоды 5 раз.
2115940546|00000000||удалить предмет
2115940545|00000000||Вперёд
2115940544|00000000||Багровый
2115940543|00000000||Лаймовый
2115940542|00000000||Лазурный
2115940541|00000000||<i>Авто лечение</i> [восстанавливает ваше здоровье при атаке щита]
2115940540|00000000||<b>Набор женской речи отсутствует!</b><br>  Что означает: когда вы играете с включённой женской речью (<font color="#00FF00">Ведьмачка/Чародейка</font>), <font color="#FF2222">вместо голоса игрока будет тишина</font>.<br>  Пожалуйста установите эту часть:<br>  <font color="#7F007B">nexusmods.com/witcher3/mods/9147</font><br><br>
2115940539|00000000||<b>Immersive Wildlife Project (DhuCats) отсутствует!</b><br>  Что означает: вы не сможете использовать различные высококачественные модели кошек для заклинания Полиморфизма (<font color="#00FF00">Чародейка</font>).<br>  Пожалуйста установите эту часть:<br>  <font color="#7F007B">nexusmods.com/witcher3/mods/3527</font> (файл "DhuCats")<br><br>
2115940538|00000000||<b>Женские модели брони Геральта отсутствуют!</b><br>  Это означает: вы не сможете "надевать" наборы брони (<font color="#00FF00">Ведьмачка/Чародейка</font>).<br>  Пожалуйста установите эту часть:<br>  <font color="#7F007B">nexusmods.com/witcher3/mods/9322</font><br><br>
2115940537|00000000||Установить цвет для всех действий на знаке
2115940536|00000000|map_location_newreplacers_snow_arena_center_ft|Парящий корабль.
2115940535|00000000|map_description_newreplacers_snow_arena_center_ft|Корабль, окружённый льдом, парящий в воздухе из-за мощного потока магии.
2115940533|00000000||Взаимодействие - Чародейка
2115940534|00000000||  Использование стандартных ведьмачьих знаков (кроме Квена): <i>Удерживайте</i> кнопку "Использовать" [E] и <i>нажмите</i> кнопку "Наложить знак" [Q].<br>  Вы можете использовать: {2115940151} вместо <font color="#87CEFA">Аарда</font> при необходимости.<br>  Вы можете использовать: {2115940118} ({2115940122}/{2115940141}) вместо <font color="#FF7F50">Игни</font> при необходимости.
; --------------------------------------------
2115940000|00000000|                                                             |Игрок
2115940001|00000000|                                                             |Игрок
2115940002|00000000|                                                             |Игрок
2115940003|00000000|                                                             |Целестин
2115940004|00000000|                                                             |MOD questgroup_newreplacers Quests
2115940005|00000000|                                                             |Стать Архимагистром.
2115940006|00000000|                                                             |Попрактиковать заклинание Гром Альзура 5 раз.
2115940007|00000000|                                                             |Попрактиковать заклинание Контроль 7 раз.
2115940008|00000000|                                                             |Попрактиковать заклинание Гравитационное поле 5 раз.
2115940009|00000000|                                                             |Попрактиковать телепорт быстрого перемещения 3 раза.
2115940010|00000000|                                                             |Попрактиковать тяжёлые атаки 13 раз.
2115940011|00000000|                                                             |Попрактиковать заклинание Огонь Мелгара 5 раз.
2115940012|00000000|                                                             |Попрактиковать заклинание Метеор 7 раз.
2115940013|00000000|                                                             |Попрактиковать заклинание Полиморфизм 3 раза.
2115940014|00000000|                                                             |Попрактиковать заклинание Прислужник 7 раз.
2115940015|00000000|                                                             |Попрактиковать заклинание Щит 7 раз.
2115940016|00000000|                                                             |Попрактиковать заклинание Торнадо 7 раз.
2115940017|00000000|                                                             |Проверить доску объявлений в Белом Саду.
2115940018|00000000|                                                             |Победить монстров.
2115940019|00000000|                                                             |Войти в телепорт.
2115940020|00000000|                                                             |Исследовать область.
2115940021|00000000|                                                             |Исследовать магический камень.
2115940022|00000000|                                                             |Поговорить с чародеем.
2115940023|00000000|                                                             |Айниэран согласился стать ее учителем, чтобы помочь разобраться в тонкостях управления хаосом.<br>
2115940024|00000000|                                                             |Таинственного мага-отшельника звали Айниэран, он изучал природу аномального камня, когда тот телепортировал его и корабль в окрестности Белого сада.<br>
2115940025|00000000|                                                             |Исследуя окрестности, чародейка наткнулась на кристалл с ощутимым магическим следом. След привел её к магическому кораблю, парящему в воздухе на ледяной платформе. Очевидно, источником аномалии был магический камень, прикоснувшись к которому, чародейка вызвала монстров. Схватка с ними могла бы закончиться плачевно, если бы не появление незнакомого мага.<br>
2115940026|00000000|                                                             |Прочитав объявление, чародейка заподозрила интересное дело.<br>
2115940027|00000000|                                                             |Ваш Путь Магии начинается.<br>
2115940028|00000000|                                                             |Становление Архимагистра
2115940029|00000000|item_name_newreplacers_notices_sorceress_training_notice     |Будьте осторожны по дороге в Вызиму
2115940030|00000000|item_desc_newreplacers_notices_sorceress_training_notice     |Заметки о странных делах по дороге в Вызиму.
2115940031|00000000|item_name_newreplacers_notices_sorceress_training_notice_text|Люди добрые! Будьте внимательны по дороге в Вызиму!<br>Я как в прошлый раз к дочке ездил, так надо мной как громыхнуло, полыхнуло, что у меня лошадь аж в кусты ринулась. И на миг куча льда в небе появилась, а потом исчезла.<br>Скажете показалось попьяни, да вот только трезвый я был в тот день!<br>
2115940032|00000000|dlc_name_newreplacers                                        |Пользовательские Персонажи Игрока
2115940033|00000000|option_dlc_name_newreplacers                                 |МОД: Пользовательские Персонажи Игрока
2115940034|00000000|content_name_dlc_newreplacers                                |МОД: Пользовательские Персонажи Игрока
2115940650|00000000|        |СЛОТ: Голова
2115940651|00000000|        |СЛОТ: Волосы
2115940652|00000000|        |СЛОТ: Тело
2115940653|00000000|        |СЛОТ: Торс
2115940654|00000000|        |СЛОТ: Руки
2115940655|00000000|        |СЛОТ: Перчатки
2115940656|00000000|        |СЛОТ: Платье
2115940657|00000000|        |СЛОТ: Ноги
2115940658|00000000|        |СЛОТ: Туфли
2115940659|00000000|        |СЛОТ: Разное
2115940660|00000000|        |[Следующий СЛОТ: Волосы]
2115940661|00000000|        |[Следующий СЛОТ: Тело]
2115940662|00000000|        |[Следующий СЛОТ: Торс]
2115940663|00000000|        |[Следующий СЛОТ: Руки]
2115940664|00000000|        |[Следующий СЛОТ: Перчатки]
2115940665|00000000|        |[Следующий СЛОТ: Платье]
2115940666|00000000|        |[Следующий СЛОТ: Ноги]
2115940667|00000000|        |[Следующий СЛОТ: Туфли]
2115940668|00000000|        |[Следующий СЛОТ: Разное]
2115940669|00000000|        |[Следующий СЛОТ: Голова]
2115940600|00000000|        |СЛОТ: Голова
2115940601|00000000|        |СЛОТ: Волосы
2115940602|00000000|        |СЛОТ: Тело
2115940603|00000000|        |СЛОТ: Торс
2115940604|00000000|        |СЛОТ: Руки
2115940605|00000000|        |СЛОТ: Перчатки
2115940606|00000000|        |СЛОТ: Платье
2115940607|00000000|        |СЛОТ: Ноги
2115940608|00000000|        |СЛОТ: Туфли
2115940609|00000000|        |СЛОТ: Разное
2115940610|00000000|        |[Следующий СЛОТ: Волосы]
2115940611|00000000|        |[Следующий СЛОТ: Тело]
2115940612|00000000|        |[Следующий СЛОТ: Торс]
2115940613|00000000|        |[Следующий СЛОТ: Руки]
2115940614|00000000|        |[Следующий СЛОТ: Перчатки]
2115940615|00000000|        |[Следующий СЛОТ: Платье]
2115940616|00000000|        |[Следующий СЛОТ: Ноги]
2115940617|00000000|        |[Следующий СЛОТ: Туфли]
2115940618|00000000|        |[Следующий СЛОТ: Разное]
2115940619|00000000|        |[Следующий СЛОТ: Голова]
2115940350|00000000|        |[ВЫХОД] dev
2115940351|00000000|        |0:1 (только метательные атаки)
2115940352|00000000|        |1:4
2115940353|00000000|        |1:3
2115940354|00000000|        |1:2
2115940355|00000000|        |1:1
2115940356|00000000|        |2:1
2115940357|00000000|        |3:1
2115940358|00000000|        |4:1
2115940359|00000000|        |1:0 (только слэш атаки)
2115940360|00000000|        |0:1 (только атаки бомбой)
2115940361|00000000|        |1:4
2115940362|00000000|        |1:3
2115940363|00000000|        |1:2
2115940364|00000000|        |1:1
2115940365|00000000|        |2:1
2115940366|00000000|        |3:1
2115940367|00000000|        |4:1
2115940368|00000000|        |1:0 (только камневые атаки)
; -----------------
2115940532|00000000||[ЧИТЕРСКИЕ Магические опции]
2115940531|00000000||ЧИТ: Разблокировать магический уровень: 
2115940530|00000000||ЧИТ: Установить макс. уровень для всех заклинаний
2115940529|00000000||Режим внешности: [Реальное снаряжение]
2115940528|00000000||Режим внешности: [Полностью кастомное]
2115940527|00000000||<font color="#AAAA22">Режим реального снаряжения включен.</font> Только голова, волосы и различные предметы могут быть изменены.
2115940526|00000000||Изменить урон заклинаний (100 = 100%, изначальный)
2115940525|00000000||Урон заклинания
2115940524|00000000||Изменить масштаб игрока (100 = 100%)
2115940523|00000000||Масштаб игрока
2115940522|00000000||Переход от шеи
2115940521|00000000||Видимый
2115940520|00000000||Невидимый
2115940316|00000000||Сыграем партию в гвинт?
2115940317|00000000||Что внутри сундука у твоей кровати?
2115940318|00000000||Ээ… Кое-что личное. Пожалуйста, не пытайся его открыть.
2115940319|00000000||Как видишь, у меня можно обучиться не только магии…
2115940320|00000000||Отлично! В качестве награды я отдаю тебе свои лучшие карты.
2115940321|00000000||Получаешь удовольствие, побеждая старика?
