2114585902|2100020001
2114585905|2100020002
2114585907|2100020003
2114585908|2100020004
2114585910|2100020005
2114585911|2100020006
2114585912|2100020007
2114585913|2100020008
2114585915|2100020009
2114585917|2100020010
2114585919|2100020011
2114585920|2100020012
2114585924|2100020013
2115178904|2100020014
2115178906|2100020015
2115178908|2100020016
2115178909|2100020017
2115178917|2100020018
2115178919|2100020019
2115178921|2100020020
2115178925|2100020021
2115178927|2100020022
2115178929|2100020023
2115178930|2100020024
2115178931|2100020025
2115178933|2100020026
2115178935|2100020027
2115178939|2100020028
2115178940|2100020029
2115178943|2100020030
2115178944|2100020031
2115178947|2100020032
2115178948|2100020033
2115178950|2100020034
2115178952|2100020035
2115178954|2100020036
2115178955|2100020037
2115178957|2100020038
2115178958|2100020039
2115178960|2100020040
2115178964|2100020041
2115178966|2100020042
2115178973|2100020043
2115178975|2100020044
2115178976|2100020045
2115178978|2100020046
2115178979|2100020047
2115178980|2100020048
2115178982|2100020049
2115178984|2100020050
2115178986|2100020051
2115178988|2100020052
2115178991|2100020053
2115178993|2100020054
2115178995|2100020055
2114670300|2100020056
2114670325|2100020057
2114670329|2100020058
2114670332|2100020059
2114670334|2100020060
2114670336|2100020061
2114670338|2100020062
2114670350|2100020063
2114670356|2100020064
2114670362|2100020065
2114670379|2100020066
2114670390|2100020067
2114670449|2100020068
2114670450|2100020069
2114670451|2100020070
2114670650|2100020071
2114670651|2100020072
2114670652|2100020073
2114670653|2100020074
2114670654|2100020075
2114670655|2100020076
2114670656|2100020077
2114670657|2100020078
2114670658|2100020079
2114670659|2100020080
2114670660|2100020081
2114670661|2100020082
2114670700|2100020083
2114670706|2100020084
2114670729|2100020085
2114670733|2100020086
2114670737|2100020087
2114670739|2100020088
2114670763|2100020089
2114670770|2100020090
2114670772|2100020091
2114670775|2100020092
2114670777|2100020093
2114670781|2100020094
2114670784|2100020095
2114670795|2100020096
2114670800|2100020097
2114670813|2100020098
2114670873|2100020099
2114670879|2100020100
2114670886|2100020101
2114670890|2100020102
2114670895|2100020103
2114670905|2100020104
2114670910|2100020105
2114670912|2100020106
2114670919|2100020107
2114670945|2100020108
2114670947|2100020109
2114670951|2100020110
2114670953|2100020111
2114670955|2100020112
2114670957|2100020113
2114670959|2100020114
2114670963|2100020115
2114670965|2100020116
2114670968|2100020117
2114670971|2100020118
2114670973|2100020119
2114670975|2100020120
2114670976|2100020121
2114670979|2100020122
2113611030|2100020123
2113611031|2100020124
2113611032|2100020125
2113611033|2100020126
2115984102|2100020127
2115984103|2100020128
2115984105|2100020129
2115984109|2100020130
2115984112|2100020131
2115984114|2100020132
2115984212|2100020133
2115984220|2100020134
2115984221|2100020135
2115984226|2100020136
2115984230|2100020137
2115984231|2100020138
2115984236|2100020139
2115984303|2100020140
2115984306|2100020141
2115984312|2100020142
2115984313|2100020143
2115984314|2100020144
2115984315|2100020145
2115984325|2100020146
2115984326|2100020147
2115984338|2100020148
2115984502|2100020149
2115984504|2100020150
2115984514|2100020151
2115984519|2100020152
2115984523|2100020153
2115984580|2100020154
2115984581|2100020155
2115984582|2100020156
2115984590|2100020157
2115984591|2100020158
2115984605|2100020159
2115984606|2100020160
2115984608|2100020161
2115984613|2100020162
2115984614|2100020163
2115984617|2100020164
2115984618|2100020165
2115984627|2100020166
2115984639|2100020167
2115984640|2100020168
2115984642|2100020169
2115984670|2100020170
2115984671|2100020171
2115984672|2100020172
2115984680|2100020173
2115984681|2100020174
2115984682|2100020175
2115984683|2100020176
2115984684|2100020177
2115984685|2100020178
2115984686|2100020179
2115984690|2100020180
2115984691|2100020181
2115984692|2100020182
2115984702|2100020183
2115984703|2100020184
2115984706|2100020185
2115984708|2100020186
2115984715|2100020187
2115984716|2100020188
2115984718|2100020189
2115984719|2100020190
2115984720|2100020191
2115984726|2100020192
2115984727|2100020193
2115984731|2100020194
2115984770|2100020195
2115984771|2100020196
2115984772|2100020197
2115984790|2100020198
2115984791|2100020199
2115984802|2100020200
2115984820|2100020201
2115984825|2100020202
2115984826|2100020203
2115984830|2100020204
2115984832|2100020205
2115984833|2100020206
2115984835|2100020207
2115984837|2100020208
2115984900|2100020209
2115984901|2100020210
2115984904|2100020211
2115984906|2100020212
2115984907|2100020213
2116049010|2100020214
2116049017|2100020215
2116049054|2100020216
2116049056|2100020217
2116049057|2100020218
2116049059|2100020219
2116049061|2100020220
2116049095|2100020221
2116049100|2100020222
2116049101|2100020223
2116049105|2100020224
2116049110|2100020225
2116049118|2100020226
2116049120|2100020227
2116049122|2100020228
2116049124|2100020229
2116049125|2100020230
2116049150|2100020231
2116049162|2100020232
2116049163|2100020233
2116049165|2100020234
2116049169|2100020235
2116049171|2100020236
2116049175|2100020237
2116049178|2100020238
2116049180|2100020239
2116049182|2100020240
2116049183|2100020241
2116049184|2100020242
2116049186|2100020243
2116049188|2100020244
2116049206|2100020245
2116049208|2100020246
2116049210|2100020247
2116049212|2100020248
2116049214|2100020249
2116049216|2100020250
2116049218|2100020251
2116049220|2100020252
2116049222|2100020253
2116049224|2100020254
2116049227|2100020255
2116049240|2100020256
2116049241|2100020257
2116049288|2100020258
2116049292|2100020259
2116049293|2100020260
2116049294|2100020261
2116049295|2100020262
2116049296|2100020263
2116049297|2100020264
2116049302|2100020265
2116049305|2100020266
2116049306|2100020267
2116049308|2100020268
2116049313|2100020269
2116049315|2100020270
2116049317|2100020271
2116049321|2100020272
2116049322|2100020273
2116049323|2100020274
2116049327|2100020275
2116049329|2100020276
2116049332|2100020277
2116049336|2100020278
2116049337|2100020279
2116049340|2100020280
2116049341|2100020281
2116049342|2100020282
2116049343|2100020283
2116049345|2100020284
2116049347|2100020285
2116049351|2100020286
2116049353|2100020287
2116049355|2100020288
2116049357|2100020289
2116049359|2100020290
2116049362|2100020291
2116049364|2100020292
2116049366|2100020293
2116049368|2100020294
2116049370|2100020295
2116049399|2100020296
2116049400|2100020297
2116049402|2100020298
2116049404|2100020299
2116049450|2100020300
2116049455|2100020301
2116049460|2100020302
2116049469|2100020303
2116049473|2100020304
2116049480|2100020305
2116049482|2100020306
2116049484|2100020307
2116049515|2100020308
2116049517|2100020309
